Id,Name,Surname,Initials,Age,"Date Of Birth"
1,Olivia,Taylor,O,68,27/09/1955
2,Michael,Johnson,M,79,27/09/1944
3,Bob,Jones,B,58,27/09/1965
4,Mia,Smith,M,56,27/09/1967
5,Isabella,Davis,I,47,27/09/1976
6,Michael,Miller,M,94,27/09/1929
7,Ava,Jones,A,33,27/09/1990
8,Benjamin,Taylor,B,31,27/09/1992
9,Olivia,Martinez,O,81,27/09/1942
10,Sophia,Johnson,S,77,27/09/1946
11,David,Taylor,D,75,27/09/1948
12,Michael,Martinez,M,28,27/09/1995
13,Ethan,Miller,E,71,27/09/1952
14,Sophia,Martinez,S,51,27/09/1972
15,Michael,Garcia,M,80,27/09/1943
16,David,Jackson,D,47,27/09/1976
17,Amelia,Martinez,A,59,27/09/1964
18,David,Hernandez,D,85,27/09/1938
19,Emma,Hernandez,E,85,27/09/1938
20,Charlotte,Moore,C,43,27/09/1980
21,Henry,Hernandez,H,53,27/09/1970
22,Isabella,Johnson,I,89,27/09/1934
23,Bob,Wilson,B,21,27/09/2002
24,Emma,Martinez,E,39,27/09/1984
25,Sophia,Hernandez,S,74,27/09/1949
26,Bob,Clark,B,35,27/09/1988
27,John,Davis,J,76,27/09/1947
28,Charlotte,Moore,C,22,27/09/2001
29,Alice,Clark,A,18,27/09/2005
30,Emma,Brown,E,83,27/09/1940
31,Olivia,Taylor,O,41,27/09/1982
32,John,Rodriguez,J,73,27/09/1950
33,Henry,Williams,H,38,27/09/1985
34,Emma,Miller,E,52,27/09/1971
35,Amelia,Clark,A,95,27/09/1928
36,Amelia,Smith,A,25,27/09/1998
37,Isabella,Clark,I,24,27/09/1999
38,Bob,Garcia,B,75,27/09/1948
39,John,Clark,J,76,27/09/1947
40,Mia,Brown,M,59,27/09/1964
41,Isabella,Rodriguez,I,86,27/09/1937
42,Emma,Jackson,E,19,27/09/2004
43,Ethan,Martinez,E,81,27/09/1942
44,Sophia,Miller,S,84,27/09/1939
45,James,Jones,J,24,27/09/1999
46,Michael,Miller,M,86,27/09/1937
47,Ethan,Martinez,E,78,27/09/1945
48,Mia,Jones,M,33,27/09/1990
49,Benjamin,Gonzalez,B,80,27/09/1943
50,Olivia,Martinez,O,40,27/09/1983
51,Benjamin,Gonzalez,B,82,27/09/1941
52,Benjamin,Gonzalez,B,62,27/09/1961
53,Mia,Rodriguez,M,24,27/09/1999
54,Liam,Smith,L,38,27/09/1985
55,Isabella,Miller,I,50,27/09/1973
56,Mia,Jackson,M,91,27/09/1932
57,Mia,Taylor,M,62,27/09/1961
58,Alice,Gonzalez,A,78,27/09/1945
59,Benjamin,Hernandez,B,92,27/09/1931
60,Charlotte,Jones,C,30,27/09/1993
61,Olivia,Miller,O,40,27/09/1983
62,William,Smith,W,86,27/09/1937
63,Mia,Miller,M,41,27/09/1982
64,David,Moore,D,42,27/09/1981
65,Olivia,Jones,O,64,27/09/1959
66,James,Hernandez,J,65,27/09/1958
67,Ella,Taylor,E,62,27/09/1961
68,Ethan,Rodriguez,E,31,27/09/1992
69,William,Hernandez,W,40,27/09/1983
70,David,Hernandez,D,89,27/09/1934
71,David,Smith,D,55,27/09/1968
72,Mia,Hernandez,M,52,27/09/1971
73,Liam,Johnson,L,47,27/09/1976
74,Sophia,Clark,S,37,27/09/1986
75,Olivia,Gonzalez,O,73,27/09/1950
76,Benjamin,Smith,B,62,27/09/1961
77,Ava,Clark,A,41,27/09/1982
78,Ethan,Jackson,E,72,27/09/1951
79,William,Martinez,W,74,27/09/1949
80,Henry,Hernandez,H,75,27/09/1948
81,Henry,Clark,H,31,27/09/1992
82,Olivia,Brown,O,54,27/09/1969
83,Olivia,Garcia,O,96,27/09/1927
84,Charlotte,Brown,C,28,27/09/1995
85,William,Hernandez,W,33,27/09/1990
86,Henry,Wilson,H,26,27/09/1997
87,Sophia,Lopez,S,38,27/09/1985
88,Amelia,Jackson,A,74,27/09/1949
89,Alice,Clark,A,62,27/09/1961
90,David,Rodriguez,D,82,27/09/1941
91,Benjamin,Gonzalez,B,81,27/09/1942
92,James,Wilson,J,44,27/09/1979
93,Emma,Garcia,E,81,27/09/1942
94,Charlotte,Wilson,C,52,27/09/1971
95,Mia,Martinez,M,55,27/09/1968
96,Michael,Rodriguez,M,41,27/09/1982
97,Emma,Taylor,E,72,27/09/1951
98,William,Miller,W,57,27/09/1966
99,Sophia,Martinez,S,49,27/09/1974
100,John,Martinez,J,30,27/09/1993
101,Bob,Martinez,B,93,27/09/1930
102,Emma,Jones,E,66,27/09/1957
103,John,Wilson,J,66,27/09/1957
104,William,Gonzalez,W,50,27/09/1973
105,Mia,Brown,M,44,27/09/1979
106,Amelia,Martinez,A,19,27/09/2004
107,William,Smith,W,26,27/09/1997
108,Olivia,Johnson,O,84,27/09/1939
109,William,Williams,W,46,27/09/1977
110,Charlotte,Lopez,C,22,27/09/2001
111,Benjamin,Martinez,B,74,27/09/1949
112,Emma,Smith,E,90,27/09/1933
113,Bob,Martinez,B,67,27/09/1956
114,Bob,Jones,B,84,27/09/1939
115,Michael,Taylor,M,71,27/09/1952
116,Ethan,Hernandez,E,56,27/09/1967
117,James,Moore,J,45,27/09/1978
118,Emma,Clark,E,85,27/09/1938
119,Sophia,Miller,S,58,27/09/1965
120,Henry,Martinez,H,65,27/09/1958
121,John,Martinez,J,24,27/09/1999
122,Charlotte,Gonzalez,C,48,27/09/1975
123,Charlotte,Wilson,C,25,27/09/1998
124,Olivia,Jackson,O,22,27/09/2001
125,Michael,Gonzalez,M,23,27/09/2000
126,James,Jackson,J,94,27/09/1929
127,Ethan,Moore,E,83,27/09/1940
128,Benjamin,Martinez,B,40,27/09/1983
129,Sophia,Moore,S,43,27/09/1980
130,Ethan,Moore,E,91,27/09/1932
131,Isabella,Miller,I,65,27/09/1958
132,William,Miller,W,96,27/09/1927
133,Emma,Clark,E,79,27/09/1944
134,Alice,Clark,A,92,27/09/1931
135,Olivia,Gonzalez,O,57,27/09/1966
136,Mia,Martinez,M,82,27/09/1941
137,Olivia,Williams,O,32,27/09/1991
138,David,Taylor,D,43,27/09/1980
139,Charlotte,Taylor,C,60,27/09/1963
140,Henry,Jones,H,60,27/09/1963
141,Ella,Smith,E,28,27/09/1995
142,Benjamin,Johnson,B,56,27/09/1967
143,Isabella,Jones,I,87,27/09/1936
144,David,Wilson,D,53,27/09/1970
145,Liam,Clark,L,90,27/09/1933
146,Mia,Jackson,M,72,27/09/1951
147,Benjamin,Lopez,B,60,27/09/1963
148,Emma,Clark,E,19,27/09/2004
149,Bob,Brown,B,60,27/09/1963
150,Olivia,Hernandez,O,90,27/09/1933
151,James,Jones,J,26,27/09/1997
152,Ava,Davis,A,98,27/09/1925
153,John,Clark,J,83,27/09/1940
154,Henry,Lopez,H,80,27/09/1943
155,Liam,Brown,L,43,27/09/1980
156,Benjamin,Moore,B,18,27/09/2005
157,Ava,Jackson,A,23,27/09/2000
158,John,Hernandez,J,72,27/09/1951
159,Liam,Johnson,L,47,27/09/1976
160,James,Smith,J,74,27/09/1949
161,Ella,Gonzalez,E,28,27/09/1995
162,Olivia,Jones,O,38,27/09/1985
163,Ella,Jones,E,52,27/09/1971
164,William,Gonzalez,W,75,27/09/1948
165,David,Taylor,D,27,27/09/1996
166,Alice,Taylor,A,83,27/09/1940
167,Mia,Martinez,M,48,27/09/1975
168,James,Martinez,J,64,27/09/1959
169,Henry,Moore,H,26,27/09/1997
170,Liam,Moore,L,71,27/09/1952
171,Ella,Jackson,E,57,27/09/1966
172,Bob,Williams,B,44,27/09/1979
173,Ethan,Moore,E,60,27/09/1963
174,Alice,Williams,A,96,27/09/1927
175,Bob,Hernandez,B,85,27/09/1938
176,John,Taylor,J,59,27/09/1964
177,Mia,Martinez,M,69,27/09/1954
178,Mia,Jones,M,69,27/09/1954
179,Charlotte,Brown,C,56,27/09/1967
180,Ella,Jones,E,94,27/09/1929
181,Ava,Lopez,A,78,27/09/1945
182,Alice,Martinez,A,36,27/09/1987
183,Liam,Martinez,L,55,27/09/1968
184,John,Martinez,J,86,27/09/1937
185,Michael,Garcia,M,47,27/09/1976
186,James,Rodriguez,J,32,27/09/1991
187,Liam,Smith,L,89,27/09/1934
188,Emma,Clark,E,27,27/09/1996
189,Bob,Martinez,B,96,27/09/1927
190,Benjamin,Miller,B,89,27/09/1934
191,Ella,Taylor,E,49,27/09/1974
192,John,Garcia,J,56,27/09/1967
193,Bob,Williams,B,39,27/09/1984
194,Emma,Clark,E,27,27/09/1996
195,Henry,Rodriguez,H,39,27/09/1984
196,Emma,Davis,E,90,27/09/1933
197,Henry,Taylor,H,71,27/09/1952
198,Ethan,Taylor,E,53,27/09/1970
199,Alice,Taylor,A,21,27/09/2002
200,Ella,Gonzalez,E,73,27/09/1950
201,John,Jones,J,94,27/09/1929
202,Amelia,Gonzalez,A,93,27/09/1930
203,James,Davis,J,72,27/09/1951
204,James,Hernandez,J,51,27/09/1972
205,Liam,Clark,L,99,27/09/1924
206,Isabella,Moore,I,98,27/09/1925
207,Emma,Jones,E,24,27/09/1999
208,Benjamin,Jones,B,33,27/09/1990
209,Olivia,Rodriguez,O,78,27/09/1945
210,Isabella,Taylor,I,36,27/09/1987
211,Sophia,Clark,S,71,27/09/1952
212,Liam,Smith,L,93,27/09/1930
213,Ella,Rodriguez,E,89,27/09/1934
214,William,Garcia,W,61,27/09/1962
215,Benjamin,Martinez,B,70,27/09/1953
216,Emma,Brown,E,98,27/09/1925
217,Ethan,Rodriguez,E,35,27/09/1988
218,William,Taylor,W,58,27/09/1965
219,Isabella,Rodriguez,I,72,27/09/1951
220,Michael,Smith,M,98,27/09/1925
221,Mia,Miller,M,29,27/09/1994
222,John,Lopez,J,42,27/09/1981
223,Bob,Davis,B,51,27/09/1972
224,Mia,Jones,M,76,27/09/1947
225,Michael,Clark,M,83,27/09/1940
226,James,Martinez,J,39,27/09/1984
227,David,Jackson,D,61,27/09/1962
228,Isabella,Garcia,I,90,27/09/1933
229,William,Williams,W,99,27/09/1924
230,Alice,Wilson,A,97,27/09/1926
231,Sophia,Wilson,S,94,27/09/1929
232,John,Davis,J,77,27/09/1946
233,Ava,Hernandez,A,31,27/09/1992
234,David,Miller,D,63,27/09/1960
235,Michael,Taylor,M,19,27/09/2004
236,Bob,Martinez,B,37,27/09/1986
237,Ella,Taylor,E,44,27/09/1979
238,Ethan,Williams,E,71,27/09/1952
239,Bob,Martinez,B,61,27/09/1962
240,Amelia,Clark,A,65,27/09/1958
241,Charlotte,Lopez,C,38,27/09/1985
242,Benjamin,Martinez,B,19,27/09/2004
243,David,Garcia,D,88,27/09/1935
244,Sophia,Jones,S,40,27/09/1983
245,James,Jones,J,95,27/09/1928
246,John,Taylor,J,65,27/09/1958
247,Emma,Jackson,E,71,27/09/1952
248,Ella,Lopez,E,94,27/09/1929
249,Ava,Miller,A,87,27/09/1936
250,James,Hernandez,J,54,27/09/1969
251,Benjamin,Martinez,B,97,27/09/1926
252,Mia,Williams,M,31,27/09/1992
253,James,Lopez,J,54,27/09/1969
254,Isabella,Rodriguez,I,41,27/09/1982
255,Ella,Jackson,E,62,27/09/1961
256,Isabella,Clark,I,79,27/09/1944
257,Alice,Wilson,A,49,27/09/1974
258,Isabella,Gonzalez,I,77,27/09/1946
259,Benjamin,Taylor,B,32,27/09/1991
260,Charlotte,Martinez,C,59,27/09/1964
261,Isabella,Martinez,I,45,27/09/1978
262,John,Martinez,J,52,27/09/1971
263,Ava,Johnson,A,28,27/09/1995
264,John,Taylor,J,29,27/09/1994
265,Sophia,Brown,S,77,27/09/1946
266,John,Garcia,J,91,27/09/1932
267,James,Martinez,J,62,27/09/1961
268,Amelia,Taylor,A,43,27/09/1980
269,Ella,Brown,E,30,27/09/1993
270,Isabella,Gonzalez,I,76,27/09/1947
271,Sophia,Smith,S,72,27/09/1951
272,Mia,Gonzalez,M,57,27/09/1966
273,Isabella,Smith,I,38,27/09/1985
274,Mia,Clark,M,76,27/09/1947
275,Charlotte,Taylor,C,43,27/09/1980
276,Charlotte,Moore,C,66,27/09/1957
277,Mia,Smith,M,18,27/09/2005
278,James,Gonzalez,J,95,27/09/1928
279,Bob,Smith,B,51,27/09/1972
280,Ava,Martinez,A,53,27/09/1970
281,Benjamin,Lopez,B,21,27/09/2002
282,James,Wilson,J,97,27/09/1926
283,William,Hernandez,W,46,27/09/1977
284,Michael,Jones,M,58,27/09/1965
285,Alice,Garcia,A,87,27/09/1936
286,David,Martinez,D,40,27/09/1983
287,Charlotte,Taylor,C,44,27/09/1979
288,Ethan,Martinez,E,49,27/09/1974
289,Henry,Clark,H,81,27/09/1942
290,Alice,Garcia,A,27,27/09/1996
291,Alice,Clark,A,82,27/09/1941
292,Olivia,Williams,O,53,27/09/1970
293,Henry,Smith,H,33,27/09/1990
294,Bob,Miller,B,33,27/09/1990
295,David,Davis,D,64,27/09/1959
296,Bob,Lopez,B,80,27/09/1943
297,Alice,Jones,A,49,27/09/1974
298,Henry,Williams,H,58,27/09/1965
299,Ella,Rodriguez,E,51,27/09/1972
300,Emma,Martinez,E,30,27/09/1993
301,Isabella,Martinez,I,68,27/09/1955
302,Bob,Hernandez,B,57,27/09/1966
303,Olivia,Moore,O,81,27/09/1942
304,Bob,Garcia,B,86,27/09/1937
305,James,Davis,J,96,27/09/1927
306,Henry,Davis,H,93,27/09/1930
307,John,Martinez,J,39,27/09/1984
308,Henry,Jackson,H,42,27/09/1981
309,Sophia,Taylor,S,53,27/09/1970
310,Isabella,Wilson,I,91,27/09/1932
311,Amelia,Jackson,A,45,27/09/1978
312,David,Johnson,D,80,27/09/1943
313,Alice,Jones,A,40,27/09/1983
314,Benjamin,Martinez,B,51,27/09/1972
315,Liam,Miller,L,41,27/09/1982
316,David,Lopez,D,19,27/09/2004
317,Henry,Davis,H,84,27/09/1939
318,Benjamin,Miller,B,38,27/09/1985
319,Liam,Martinez,L,86,27/09/1937
320,Michael,Hernandez,M,53,27/09/1970
321,Alice,Miller,A,54,27/09/1969
322,William,Brown,W,87,27/09/1936
323,Sophia,Moore,S,98,27/09/1925
324,David,Johnson,D,37,27/09/1986
325,Mia,Lopez,M,35,27/09/1988
326,William,Martinez,W,34,27/09/1989
327,Isabella,Taylor,I,87,27/09/1936
328,Isabella,Garcia,I,77,27/09/1946
329,Isabella,Taylor,I,85,27/09/1938
330,Amelia,Wilson,A,38,27/09/1985
331,James,Jackson,J,38,27/09/1985
332,Sophia,Wilson,S,67,27/09/1956
333,Emma,Jackson,E,52,27/09/1971
334,Ella,Wilson,E,29,27/09/1994
335,Benjamin,Lopez,B,85,27/09/1938
336,Ethan,Johnson,E,82,27/09/1941
337,Amelia,Garcia,A,43,27/09/1980
338,Michael,Lopez,M,98,27/09/1925
339,Bob,Garcia,B,62,27/09/1961
340,David,Martinez,D,23,27/09/2000
341,Alice,Johnson,A,84,27/09/1939
342,William,Jones,W,92,27/09/1931
343,Emma,Smith,E,43,27/09/1980
344,Bob,Martinez,B,47,27/09/1976
345,Charlotte,Taylor,C,85,27/09/1938
346,Isabella,Hernandez,I,40,27/09/1983
347,Amelia,Brown,A,68,27/09/1955
348,Alice,Taylor,A,55,27/09/1968
349,Sophia,Martinez,S,37,27/09/1986
350,Bob,Martinez,B,23,27/09/2000
351,Isabella,Martinez,I,34,27/09/1989
352,John,Clark,J,39,27/09/1984
353,John,Taylor,J,99,27/09/1924
354,Ethan,Clark,E,70,27/09/1953
355,Henry,Gonzalez,H,46,27/09/1977
356,John,Jones,J,61,27/09/1962
357,Michael,Moore,M,88,27/09/1935
358,Mia,Davis,M,30,27/09/1993
359,Ava,Hernandez,A,21,27/09/2002
360,Ella,Moore,E,22,27/09/2001
361,Liam,Jackson,L,34,27/09/1989
362,Olivia,Gonzalez,O,59,27/09/1964
363,Ava,Taylor,A,54,27/09/1969
364,Sophia,Davis,S,61,27/09/1962
365,Ava,Martinez,A,81,27/09/1942
366,Alice,Jones,A,46,27/09/1977
367,Alice,Taylor,A,44,27/09/1979
368,Olivia,Moore,O,34,27/09/1989
369,Emma,Jones,E,67,27/09/1956
370,Mia,Hernandez,M,47,27/09/1976
371,Emma,Davis,E,55,27/09/1968
372,Emma,Williams,E,43,27/09/1980
373,Emma,Jackson,E,20,27/09/2003
374,Benjamin,Gonzalez,B,55,27/09/1968
375,Ella,Garcia,E,29,27/09/1994
376,Sophia,Martinez,S,55,27/09/1968
377,Isabella,Gonzalez,I,24,27/09/1999
378,William,Jones,W,87,27/09/1936
379,Ava,Williams,A,92,27/09/1931
380,Olivia,Wilson,O,56,27/09/1967
381,Ella,Jones,E,26,27/09/1997
382,Michael,Miller,M,47,27/09/1976
383,David,Taylor,D,97,27/09/1926
384,Alice,Taylor,A,73,27/09/1950
385,Emma,Jackson,E,25,27/09/1998
386,William,Martinez,W,98,27/09/1925
387,James,Gonzalez,J,34,27/09/1989
388,Isabella,Johnson,I,58,27/09/1965
389,Sophia,Smith,S,96,27/09/1927
390,Liam,Clark,L,52,27/09/1971
391,Henry,Jones,H,78,27/09/1945
392,Isabella,Davis,I,25,27/09/1998
393,Alice,Hernandez,A,80,27/09/1943
394,Michael,Smith,M,51,27/09/1972
395,Charlotte,Gonzalez,C,64,27/09/1959
396,Mia,Garcia,M,61,27/09/1962
397,Emma,Martinez,E,94,27/09/1929
398,James,Smith,J,74,27/09/1949
399,Amelia,Clark,A,24,27/09/1999
400,David,Hernandez,D,48,27/09/1975
401,Ella,Williams,E,83,27/09/1940
402,Bob,Garcia,B,77,27/09/1946
403,Ethan,Miller,E,20,27/09/2003
404,Liam,Wilson,L,77,27/09/1946
405,Henry,Taylor,H,39,27/09/1984
406,David,Taylor,D,90,27/09/1933
407,John,Taylor,J,83,27/09/1940
408,Bob,Taylor,B,23,27/09/2000
409,Alice,Brown,A,43,27/09/1980
410,John,Brown,J,30,27/09/1993
411,Henry,Miller,H,39,27/09/1984
412,Charlotte,Miller,C,79,27/09/1944
413,Isabella,Jones,I,72,27/09/1951
414,David,Gonzalez,D,97,27/09/1926
415,Olivia,Martinez,O,90,27/09/1933
416,David,Brown,D,22,27/09/2001
417,John,Jackson,J,57,27/09/1966
418,Alice,Johnson,A,64,27/09/1959
419,David,Taylor,D,62,27/09/1961
420,Isabella,Jackson,I,40,27/09/1983
421,Ethan,Jackson,E,92,27/09/1931
422,Isabella,Rodriguez,I,40,27/09/1983
423,Ella,Taylor,E,75,27/09/1948
424,David,Martinez,D,81,27/09/1942
425,Emma,Hernandez,E,45,27/09/1978
426,Ava,Martinez,A,83,27/09/1940
427,Liam,Gonzalez,L,65,27/09/1958
428,Sophia,Martinez,S,49,27/09/1974
429,David,Williams,D,25,27/09/1998
430,Olivia,Rodriguez,O,81,27/09/1942
431,Ethan,Davis,E,62,27/09/1961
432,Ava,Wilson,A,29,27/09/1994
433,Ethan,Garcia,E,91,27/09/1932
434,Bob,Gonzalez,B,48,27/09/1975
435,Alice,Smith,A,91,27/09/1932
436,Emma,Miller,E,38,27/09/1985
437,Mia,Rodriguez,M,58,27/09/1965
438,John,Garcia,J,36,27/09/1987
439,Mia,Taylor,M,59,27/09/1964
440,Bob,Gonzalez,B,55,27/09/1968
441,Michael,Johnson,M,34,27/09/1989
442,Benjamin,Smith,B,24,27/09/1999
443,John,Clark,J,82,27/09/1941
444,Henry,Jackson,H,78,27/09/1945
445,Amelia,Smith,A,42,27/09/1981
446,Isabella,Garcia,I,52,27/09/1971
447,Bob,Martinez,B,55,27/09/1968
448,Ella,Taylor,E,84,27/09/1939
449,Bob,Jackson,B,65,27/09/1958
450,William,Taylor,W,80,27/09/1943
451,Henry,Wilson,H,76,27/09/1947
452,Benjamin,Martinez,B,64,27/09/1959
453,James,Johnson,J,75,27/09/1948
454,David,Hernandez,D,59,27/09/1964
455,Ella,Johnson,E,29,27/09/1994
456,David,Martinez,D,61,27/09/1962
457,Ella,Johnson,E,88,27/09/1935
458,Bob,Garcia,B,79,27/09/1944
459,Isabella,Smith,I,36,27/09/1987
460,Olivia,Gonzalez,O,67,27/09/1956
461,Liam,Davis,L,29,27/09/1994
462,Henry,Clark,H,53,27/09/1970
463,James,Gonzalez,J,87,27/09/1936
464,Charlotte,Davis,C,54,27/09/1969
465,Charlotte,Moore,C,56,27/09/1967
466,William,Moore,W,85,27/09/1938
467,James,Smith,J,48,27/09/1975
468,Henry,Clark,H,72,27/09/1951
469,Benjamin,Miller,B,60,27/09/1963
470,Charlotte,Taylor,C,63,27/09/1960
471,Bob,Rodriguez,B,44,27/09/1979
472,William,Clark,W,66,27/09/1957
473,Emma,Hernandez,E,66,27/09/1957
474,Henry,Clark,H,59,27/09/1964
475,Ava,Moore,A,70,27/09/1953
476,Mia,Jones,M,25,27/09/1998
477,Mia,Jackson,M,73,27/09/1950
478,Ethan,Martinez,E,85,27/09/1938
479,Charlotte,Smith,C,39,27/09/1984
480,Liam,Clark,L,74,27/09/1949
481,James,Martinez,J,23,27/09/2000
482,Mia,Williams,M,63,27/09/1960
483,Bob,Hernandez,B,31,27/09/1992
484,Amelia,Moore,A,76,27/09/1947
485,Sophia,Taylor,S,72,27/09/1951
486,Benjamin,Clark,B,55,27/09/1968
487,Bob,Lopez,B,60,27/09/1963
488,Michael,Garcia,M,96,27/09/1927
489,Mia,Wilson,M,71,27/09/1952
490,Charlotte,Rodriguez,C,48,27/09/1975
491,James,Gonzalez,J,74,27/09/1949
492,Benjamin,Jackson,B,37,27/09/1986
493,Sophia,Martinez,S,54,27/09/1969
494,John,Lopez,J,89,27/09/1934
495,Liam,Williams,L,95,27/09/1928
496,Olivia,Miller,O,90,27/09/1933
497,Amelia,Taylor,A,36,27/09/1987
498,David,Jackson,D,59,27/09/1964
499,William,Hernandez,W,21,27/09/2002
500,Mia,Jones,M,31,27/09/1992
501,Alice,Johnson,A,95,27/09/1928
502,Amelia,Miller,A,95,27/09/1928
503,Henry,Taylor,H,39,27/09/1984
504,Isabella,Rodriguez,I,67,27/09/1956
505,John,Garcia,J,23,27/09/2000
506,Alice,Taylor,A,30,27/09/1993
507,Charlotte,Williams,C,41,27/09/1982
508,Isabella,Brown,I,74,27/09/1949
509,Benjamin,Jackson,B,62,27/09/1961
510,Olivia,Jones,O,79,27/09/1944
511,Alice,Taylor,A,19,27/09/2004
512,Olivia,Jones,O,66,27/09/1957
513,Charlotte,Hernandez,C,54,27/09/1969
514,Amelia,Williams,A,69,27/09/1954
515,Ava,Miller,A,67,27/09/1956
516,Ava,Davis,A,48,27/09/1975
517,Benjamin,Brown,B,68,27/09/1955
518,Liam,Rodriguez,L,44,27/09/1979
519,James,Johnson,J,64,27/09/1959
520,Sophia,Rodriguez,S,66,27/09/1957
521,Henry,Lopez,H,25,27/09/1998
522,William,Wilson,W,92,27/09/1931
523,Bob,Rodriguez,B,35,27/09/1988
524,David,Clark,D,76,27/09/1947
525,Sophia,Martinez,S,25,27/09/1998
526,Mia,Miller,M,87,27/09/1936
527,David,Brown,D,46,27/09/1977
528,Alice,Williams,A,56,27/09/1967
529,Bob,Brown,B,26,27/09/1997
530,Isabella,Brown,I,74,27/09/1949
531,Alice,Taylor,A,28,27/09/1995
532,Benjamin,Jackson,B,50,27/09/1973
533,Sophia,Garcia,S,72,27/09/1951
534,James,Hernandez,J,67,27/09/1956
535,Olivia,Taylor,O,53,27/09/1970
536,Ella,Garcia,E,40,27/09/1983
537,John,Williams,J,96,27/09/1927
538,Amelia,Brown,A,24,27/09/1999
539,Bob,Brown,B,68,27/09/1955
540,William,Gonzalez,W,93,27/09/1930
541,Emma,Brown,E,21,27/09/2002
542,Sophia,Taylor,S,83,27/09/1940
543,Ella,Clark,E,35,27/09/1988
544,Ella,Martinez,E,38,27/09/1985
545,Amelia,Moore,A,67,27/09/1956
546,Sophia,Martinez,S,33,27/09/1990
547,Charlotte,Gonzalez,C,80,27/09/1943
548,Emma,Lopez,E,41,27/09/1982
549,Sophia,Moore,S,22,27/09/2001
550,Olivia,Brown,O,90,27/09/1933
551,Michael,Rodriguez,M,90,27/09/1933
552,Benjamin,Clark,B,80,27/09/1943
553,Henry,Moore,H,40,27/09/1983
554,Emma,Williams,E,99,27/09/1924
555,Alice,Wilson,A,68,27/09/1955
556,Liam,Taylor,L,69,27/09/1954
557,Mia,Martinez,M,39,27/09/1984
558,Emma,Johnson,E,99,27/09/1924
559,William,Smith,W,57,27/09/1966
560,William,Jackson,W,37,27/09/1986
561,Alice,Williams,A,22,27/09/2001
562,Michael,Wilson,M,84,27/09/1939
563,Sophia,Johnson,S,42,27/09/1981
564,Liam,Moore,L,38,27/09/1985
565,Amelia,Lopez,A,95,27/09/1928
566,James,Lopez,J,67,27/09/1956
567,Henry,Moore,H,18,27/09/2005
568,Charlotte,Rodriguez,C,87,27/09/1936
569,Mia,Taylor,M,68,27/09/1955
570,Isabella,Martinez,I,98,27/09/1925
571,Olivia,Rodriguez,O,65,27/09/1958
572,William,Garcia,W,42,27/09/1981
573,Henry,Taylor,H,87,27/09/1936
574,Benjamin,Jackson,B,27,27/09/1996
575,David,Jackson,D,36,27/09/1987
576,Alice,Rodriguez,A,60,27/09/1963
577,Ethan,Williams,E,66,27/09/1957
578,William,Rodriguez,W,20,27/09/2003
579,Charlotte,Rodriguez,C,57,27/09/1966
580,Ethan,Garcia,E,75,27/09/1948
581,Benjamin,Hernandez,B,59,27/09/1964
582,Alice,Rodriguez,A,86,27/09/1937
583,Ava,Clark,A,61,27/09/1962
584,Sophia,Jackson,S,95,27/09/1928
585,Alice,Hernandez,A,99,27/09/1924
586,Emma,Jones,E,42,27/09/1981
587,Olivia,Miller,O,24,27/09/1999
588,Olivia,Taylor,O,91,27/09/1932
589,William,Taylor,W,93,27/09/1930
590,Liam,Moore,L,18,27/09/2005
591,Sophia,Brown,S,47,27/09/1976
592,Liam,Jackson,L,27,27/09/1996
593,Ava,Brown,A,87,27/09/1936
594,James,Johnson,J,60,27/09/1963
595,Henry,Garcia,H,58,27/09/1965
596,Bob,Brown,B,19,27/09/2004
597,Benjamin,Martinez,B,44,27/09/1979
598,Ava,Miller,A,39,27/09/1984
599,David,Jones,D,60,27/09/1963
600,Bob,Garcia,B,24,27/09/1999
601,Olivia,Martinez,O,60,27/09/1963
602,John,Williams,J,18,27/09/2005
603,Isabella,Davis,I,37,27/09/1986
604,Michael,Brown,M,59,27/09/1964
605,Benjamin,Rodriguez,B,86,27/09/1937
606,John,Johnson,J,75,27/09/1948
607,John,Taylor,J,22,27/09/2001
608,John,Lopez,J,64,27/09/1959
609,James,Taylor,J,37,27/09/1986
610,Ella,Martinez,E,76,27/09/1947
611,Ella,Taylor,E,48,27/09/1975
612,Mia,Miller,M,70,27/09/1953
613,Michael,Brown,M,21,27/09/2002
614,Henry,Lopez,H,77,27/09/1946
615,Henry,Williams,H,69,27/09/1954
616,Olivia,Garcia,O,90,27/09/1933
617,Ava,Garcia,A,45,27/09/1978
618,Sophia,Rodriguez,S,83,27/09/1940
619,Ethan,Taylor,E,46,27/09/1977
620,William,Davis,W,83,27/09/1940
621,Benjamin,Gonzalez,B,32,27/09/1991
622,Amelia,Rodriguez,A,80,27/09/1943
623,Liam,Taylor,L,90,27/09/1933
624,Emma,Hernandez,E,54,27/09/1969
625,James,Moore,J,67,27/09/1956
626,Bob,Miller,B,80,27/09/1943
627,Henry,Hernandez,H,41,27/09/1982
628,James,Brown,J,70,27/09/1953
629,James,Johnson,J,84,27/09/1939
630,Michael,Garcia,M,19,27/09/2004
631,Liam,Lopez,L,34,27/09/1989
632,Amelia,Lopez,A,59,27/09/1964
633,James,Rodriguez,J,58,27/09/1965
634,Ethan,Martinez,E,82,27/09/1941
635,Olivia,Davis,O,26,27/09/1997
636,David,Jackson,D,63,27/09/1960
637,Bob,Hernandez,B,89,27/09/1934
638,John,Hernandez,J,88,27/09/1935
639,John,Miller,J,81,27/09/1942
640,Isabella,Moore,I,49,27/09/1974
641,Olivia,Wilson,O,51,27/09/1972
642,Michael,Garcia,M,57,27/09/1966
643,Ella,Jones,E,85,27/09/1938
644,Amelia,Smith,A,58,27/09/1965
645,William,Taylor,W,68,27/09/1955
646,Michael,Garcia,M,62,27/09/1961
647,Benjamin,Moore,B,66,27/09/1957
648,Charlotte,Garcia,C,19,27/09/2004
649,Amelia,Taylor,A,99,27/09/1924
650,Emma,Jackson,E,19,27/09/2004
651,Alice,Williams,A,94,27/09/1929
652,Liam,Taylor,L,83,27/09/1940
653,Benjamin,Martinez,B,61,27/09/1962
654,Amelia,Clark,A,85,27/09/1938
655,Liam,Davis,L,70,27/09/1953
656,Sophia,Miller,S,21,27/09/2002
657,Amelia,Hernandez,A,34,27/09/1989
658,Ava,Martinez,A,96,27/09/1927
659,Liam,Miller,L,60,27/09/1963
660,Bob,Clark,B,86,27/09/1937
661,Bob,Jackson,B,21,27/09/2002
662,David,Wilson,D,47,27/09/1976
663,James,Jackson,J,34,27/09/1989
664,David,Taylor,D,42,27/09/1981
665,Sophia,Smith,S,77,27/09/1946
666,Alice,Gonzalez,A,93,27/09/1930
667,Benjamin,Hernandez,B,73,27/09/1950
668,Benjamin,Brown,B,74,27/09/1949
669,Amelia,Wilson,A,99,27/09/1924
670,Mia,Davis,M,23,27/09/2000
671,Sophia,Martinez,S,26,27/09/1997
672,Henry,Clark,H,62,27/09/1961
673,Henry,Hernandez,H,54,27/09/1969
674,Emma,Smith,E,47,27/09/1976
675,Ella,Martinez,E,90,27/09/1933
676,Benjamin,Wilson,B,56,27/09/1967
677,Bob,Martinez,B,65,27/09/1958
678,Michael,Taylor,M,18,27/09/2005
679,Isabella,Jackson,I,25,27/09/1998
680,James,Martinez,J,84,27/09/1939
681,John,Gonzalez,J,19,27/09/2004
682,David,Clark,D,18,27/09/2005
683,Olivia,Moore,O,81,27/09/1942
684,Michael,Jackson,M,86,27/09/1937
685,Benjamin,Gonzalez,B,40,27/09/1983
686,Liam,Smith,L,27,27/09/1996
687,Isabella,Hernandez,I,44,27/09/1979
688,Michael,Martinez,M,36,27/09/1987
689,David,Clark,D,73,27/09/1950
690,James,Lopez,J,84,27/09/1939
691,Ava,Wilson,A,23,27/09/2000
692,Isabella,Clark,I,59,27/09/1964
693,Ella,Lopez,E,63,27/09/1960
694,Emma,Johnson,E,99,27/09/1924
695,Ethan,Johnson,E,69,27/09/1954
696,Olivia,Brown,O,73,27/09/1950
697,Ella,Martinez,E,94,27/09/1929
698,Liam,Taylor,L,78,27/09/1945
699,Liam,Taylor,L,85,27/09/1938
700,Olivia,Smith,O,51,27/09/1972
701,Ella,Taylor,E,53,27/09/1970
702,Charlotte,Hernandez,C,26,27/09/1997
703,Ava,Miller,A,19,27/09/2004
704,Bob,Rodriguez,B,98,27/09/1925
705,William,Davis,W,65,27/09/1958
706,Liam,Martinez,L,26,27/09/1997
707,Benjamin,Martinez,B,88,27/09/1935
708,Ava,Taylor,A,39,27/09/1984
709,Sophia,Moore,S,40,27/09/1983
710,John,Clark,J,72,27/09/1951
711,Liam,Gonzalez,L,85,27/09/1938
712,Isabella,Hernandez,I,94,27/09/1929
713,Michael,Jones,M,38,27/09/1985
714,Olivia,Clark,O,90,27/09/1933
715,Benjamin,Martinez,B,74,27/09/1949
716,Amelia,Martinez,A,44,27/09/1979
717,Mia,Gonzalez,M,20,27/09/2003
718,Bob,Taylor,B,19,27/09/2004
719,Ethan,Jones,E,56,27/09/1967
720,Henry,Williams,H,76,27/09/1947
721,Sophia,Martinez,S,24,27/09/1999
722,David,Johnson,D,81,27/09/1942
723,Olivia,Davis,O,49,27/09/1974
724,Bob,Rodriguez,B,57,27/09/1966
725,David,Moore,D,77,27/09/1946
726,Alice,Taylor,A,71,27/09/1952
727,Ava,Johnson,A,18,27/09/2005
728,John,Wilson,J,35,27/09/1988
729,Emma,Garcia,E,64,27/09/1959
730,James,Moore,J,92,27/09/1931
731,Sophia,Lopez,S,37,27/09/1986
732,John,Smith,J,54,27/09/1969
733,James,Gonzalez,J,27,27/09/1996
734,James,Rodriguez,J,71,27/09/1952
735,Olivia,Miller,O,31,27/09/1992
736,Ethan,Wilson,E,71,27/09/1952
737,Isabella,Miller,I,89,27/09/1934
738,James,Martinez,J,79,27/09/1944
739,Mia,Brown,M,72,27/09/1951
740,Amelia,Taylor,A,47,27/09/1976
741,Ava,Rodriguez,A,84,27/09/1939
742,James,Johnson,J,63,27/09/1960
743,Bob,Rodriguez,B,43,27/09/1980
744,Alice,Martinez,A,62,27/09/1961
745,Emma,Davis,E,98,27/09/1925
746,David,Taylor,D,23,27/09/2000
747,John,Martinez,J,86,27/09/1937
748,John,Clark,J,77,27/09/1946
749,Michael,Wilson,M,50,27/09/1973
750,John,Garcia,J,67,27/09/1956
751,Isabella,Rodriguez,I,89,27/09/1934
752,Ethan,Taylor,E,20,27/09/2003
753,Benjamin,Jones,B,20,27/09/2003
754,William,Gonzalez,W,60,27/09/1963
755,Olivia,Jones,O,74,27/09/1949
756,Benjamin,Taylor,B,53,27/09/1970
757,Isabella,Miller,I,77,27/09/1946
758,Sophia,Gonzalez,S,20,27/09/2003
759,Mia,Rodriguez,M,86,27/09/1937
760,Liam,Jackson,L,19,27/09/2004
761,Emma,Clark,E,50,27/09/1973
762,Bob,Moore,B,18,27/09/2005
763,Sophia,Lopez,S,82,27/09/1941
764,Sophia,Wilson,S,90,27/09/1933
765,Emma,Martinez,E,73,27/09/1950
766,Ella,Jackson,E,97,27/09/1926
767,James,Miller,J,99,27/09/1924
768,William,Wilson,W,91,27/09/1932
769,James,Martinez,J,58,27/09/1965
770,Sophia,Gonzalez,S,75,27/09/1948
771,Sophia,Taylor,S,31,27/09/1992
772,Isabella,Martinez,I,86,27/09/1937
773,Michael,Jackson,M,99,27/09/1924
774,Ava,Brown,A,29,27/09/1994
775,Bob,Taylor,B,20,27/09/2003
776,Bob,Rodriguez,B,87,27/09/1936
777,Benjamin,Taylor,B,35,27/09/1988
778,Bob,Brown,B,57,27/09/1966
779,Ella,Davis,E,38,27/09/1985
780,Amelia,Taylor,A,68,27/09/1955
781,Alice,Smith,A,83,27/09/1940
782,James,Clark,J,77,27/09/1946
783,Alice,Miller,A,78,27/09/1945
784,Alice,Jackson,A,88,27/09/1935
785,Charlotte,Brown,C,52,27/09/1971
786,Liam,Martinez,L,72,27/09/1951
787,David,Moore,D,41,27/09/1982
788,Amelia,Williams,A,67,27/09/1956
789,Emma,Clark,E,31,27/09/1992
790,Michael,Rodriguez,M,37,27/09/1986
791,John,Gonzalez,J,84,27/09/1939
792,Ella,Williams,E,57,27/09/1966
793,Ella,Hernandez,E,55,27/09/1968
794,Liam,Williams,L,51,27/09/1972
795,Ava,Moore,A,22,27/09/2001
796,David,Jackson,D,99,27/09/1924
797,Alice,Williams,A,50,27/09/1973
798,John,Smith,J,61,27/09/1962
799,Sophia,Smith,S,60,27/09/1963
800,James,Clark,J,78,27/09/1945
801,Alice,Jones,A,24,27/09/1999
802,Ethan,Gonzalez,E,73,27/09/1950
803,Michael,Hernandez,M,30,27/09/1993
804,Ava,Moore,A,31,27/09/1992
805,Benjamin,Moore,B,91,27/09/1932
806,Emma,Davis,E,27,27/09/1996
807,Ethan,Gonzalez,E,38,27/09/1985
808,Emma,Brown,E,57,27/09/1966
809,Alice,Hernandez,A,65,27/09/1958
810,Ethan,Gonzalez,E,54,27/09/1969
811,Henry,Hernandez,H,99,27/09/1924
812,Ava,Lopez,A,77,27/09/1946
813,Charlotte,Moore,C,43,27/09/1980
814,Liam,Wilson,L,55,27/09/1968
815,Mia,Moore,M,29,27/09/1994
816,David,Lopez,D,32,27/09/1991
817,Isabella,Taylor,I,30,27/09/1993
818,Ella,Moore,E,50,27/09/1973
819,Michael,Lopez,M,84,27/09/1939
820,Isabella,Hernandez,I,97,27/09/1926
821,Olivia,Jackson,O,82,27/09/1941
822,Ella,Hernandez,E,29,27/09/1994
823,Mia,Moore,M,29,27/09/1994
824,Sophia,Hernandez,S,36,27/09/1987
825,Charlotte,Williams,C,95,27/09/1928
826,Ethan,Taylor,E,46,27/09/1977
827,Liam,Jones,L,57,27/09/1966
828,Amelia,Smith,A,61,27/09/1962
829,Emma,Lopez,E,46,27/09/1977
830,Sophia,Brown,S,27,27/09/1996
831,Benjamin,Davis,B,34,27/09/1989
832,Amelia,Jackson,A,32,27/09/1991
833,John,Brown,J,67,27/09/1956
834,Liam,Hernandez,L,94,27/09/1929
835,Isabella,Jones,I,86,27/09/1937
836,Isabella,Rodriguez,I,52,27/09/1971
837,Alice,Davis,A,67,27/09/1956
838,William,Miller,W,41,27/09/1982
839,Sophia,Martinez,S,44,27/09/1979
840,Mia,Miller,M,81,27/09/1942
841,Olivia,Lopez,O,43,27/09/1980
842,Amelia,Jones,A,34,27/09/1989
843,Emma,Martinez,E,34,27/09/1989
844,Henry,Johnson,H,64,27/09/1959
845,Emma,Rodriguez,E,86,27/09/1937
846,Liam,Davis,L,64,27/09/1959
847,Bob,Jones,B,52,27/09/1971
848,James,Hernandez,J,18,27/09/2005
849,Benjamin,Gonzalez,B,53,27/09/1970
850,Michael,Jones,M,21,27/09/2002
851,Alice,Rodriguez,A,70,27/09/1953
852,Charlotte,Martinez,C,98,27/09/1925
853,Sophia,Jackson,S,27,27/09/1996
854,Emma,Wilson,E,98,27/09/1925
855,Henry,Williams,H,32,27/09/1991
856,Mia,Jackson,M,81,27/09/1942
857,Michael,Jackson,M,39,27/09/1984
858,Ella,Johnson,E,33,27/09/1990
859,Ethan,Smith,E,31,27/09/1992
860,John,Hernandez,J,65,27/09/1958
861,Benjamin,Rodriguez,B,91,27/09/1932
862,Bob,Gonzalez,B,91,27/09/1932
863,Mia,Brown,M,52,27/09/1971
864,Ella,Smith,E,46,27/09/1977
865,Emma,Rodriguez,E,46,27/09/1977
866,Alice,Jones,A,98,27/09/1925
867,Henry,Martinez,H,74,27/09/1949
868,John,Wilson,J,72,27/09/1951
869,Amelia,Williams,A,28,27/09/1995
870,Benjamin,Lopez,B,64,27/09/1959
871,Olivia,Miller,O,77,27/09/1946
872,Sophia,Williams,S,57,27/09/1966
873,Sophia,Jackson,S,23,27/09/2000
874,Ava,Martinez,A,93,27/09/1930
875,Bob,Gonzalez,B,63,27/09/1960
876,Sophia,Gonzalez,S,22,27/09/2001
877,Sophia,Lopez,S,99,27/09/1924
878,Emma,Brown,E,34,27/09/1989
879,John,Rodriguez,J,25,27/09/1998
880,Henry,Williams,H,50,27/09/1973
881,Emma,Brown,E,81,27/09/1942
882,Mia,Jones,M,64,27/09/1959
883,Mia,Johnson,M,21,27/09/2002
884,Bob,Taylor,B,43,27/09/1980
885,Amelia,Garcia,A,86,27/09/1937
886,Henry,Smith,H,27,27/09/1996
887,Ava,Jones,A,39,27/09/1984
888,Michael,Moore,M,91,27/09/1932
889,Emma,Gonzalez,E,72,27/09/1951
890,Alice,Taylor,A,36,27/09/1987
891,Ella,Lopez,E,87,27/09/1936
892,Ethan,Martinez,E,80,27/09/1943
893,Benjamin,Clark,B,93,27/09/1930
894,Isabella,Brown,I,81,27/09/1942
895,Mia,Martinez,M,31,27/09/1992
896,Mia,Moore,M,33,27/09/1990
897,Sophia,Gonzalez,S,58,27/09/1965
898,Benjamin,Williams,B,70,27/09/1953
899,Michael,Hernandez,M,62,27/09/1961
900,David,Taylor,D,59,27/09/1964
901,Ethan,Brown,E,91,27/09/1932
902,John,Smith,J,51,27/09/1972
903,Amelia,Garcia,A,95,27/09/1928
904,Michael,Lopez,M,96,27/09/1927
905,David,Taylor,D,38,27/09/1985
906,Amelia,Clark,A,31,27/09/1992
907,Sophia,Moore,S,47,27/09/1976
908,Ava,Moore,A,64,27/09/1959
909,Ethan,Miller,E,65,27/09/1958
910,James,Garcia,J,96,27/09/1927
911,Benjamin,Martinez,B,19,27/09/2004
912,Ethan,Lopez,E,77,27/09/1946
913,David,Moore,D,67,27/09/1956
914,Bob,Wilson,B,29,27/09/1994
915,Ava,Rodriguez,A,81,27/09/1942
916,Charlotte,Miller,C,48,27/09/1975
917,Michael,Jackson,M,43,27/09/1980
918,Benjamin,Brown,B,48,27/09/1975
919,Charlotte,Wilson,C,64,27/09/1959
920,Olivia,Smith,O,92,27/09/1931
921,Emma,Davis,E,45,27/09/1978
922,Ella,Taylor,E,46,27/09/1977
923,Henry,Miller,H,73,27/09/1950
924,Ethan,Wilson,E,87,27/09/1936
925,Benjamin,Moore,B,42,27/09/1981
926,Alice,Martinez,A,23,27/09/2000
927,Olivia,Wilson,O,30,27/09/1993
928,Bob,Davis,B,95,27/09/1928
929,Emma,Hernandez,E,44,27/09/1979
930,Emma,Wilson,E,70,27/09/1953
931,Emma,Martinez,E,29,27/09/1994
932,Ella,Clark,E,62,27/09/1961
933,Mia,Jackson,M,66,27/09/1957
934,Liam,Taylor,L,41,27/09/1982
935,Ella,Williams,E,95,27/09/1928
936,Ava,Martinez,A,37,27/09/1986
937,Olivia,Taylor,O,55,27/09/1968
938,Isabella,Jones,I,47,27/09/1976
939,Ella,Williams,E,85,27/09/1938
940,Amelia,Taylor,A,62,27/09/1961
941,David,Johnson,D,99,27/09/1924
942,Benjamin,Hernandez,B,82,27/09/1941
943,Alice,Brown,A,54,27/09/1969
944,John,Brown,J,41,27/09/1982
945,David,Taylor,D,74,27/09/1949
946,Emma,Clark,E,73,27/09/1950
947,Ava,Martinez,A,87,27/09/1936
948,Michael,Jackson,M,30,27/09/1993
949,Bob,Davis,B,77,27/09/1946
950,Bob,Wilson,B,37,27/09/1986
951,James,Taylor,J,95,27/09/1928
952,Henry,Jones,H,67,27/09/1956
953,Isabella,Martinez,I,37,27/09/1986
954,Henry,Hernandez,H,26,27/09/1997
955,Michael,Martinez,M,39,27/09/1984
956,Charlotte,Gonzalez,C,22,27/09/2001
957,Ava,Garcia,A,58,27/09/1965
958,Ella,Taylor,E,22,27/09/2001
959,Benjamin,Williams,B,45,27/09/1978
960,William,Rodriguez,W,50,27/09/1973
961,Mia,Hernandez,M,37,27/09/1986
962,Ella,Martinez,E,72,27/09/1951
963,William,Clark,W,89,27/09/1934
964,Benjamin,Jackson,B,96,27/09/1927
965,Ava,Smith,A,53,27/09/1970
966,Charlotte,Taylor,C,30,27/09/1993
967,Amelia,Jones,A,59,27/09/1964
968,Henry,Clark,H,75,27/09/1948
969,John,Martinez,J,89,27/09/1934
970,John,Jackson,J,91,27/09/1932
971,Bob,Garcia,B,62,27/09/1961
972,John,Taylor,J,40,27/09/1983
973,Benjamin,Martinez,B,24,27/09/1999
974,Emma,Clark,E,74,27/09/1949
975,Olivia,Jones,O,70,27/09/1953
976,Henry,Taylor,H,26,27/09/1997
977,Benjamin,Martinez,B,75,27/09/1948
978,Liam,Hernandez,L,53,27/09/1970
979,Sophia,Clark,S,49,27/09/1974
980,Ava,Clark,A,98,27/09/1925
981,Amelia,Miller,A,61,27/09/1962
982,Henry,Clark,H,49,27/09/1974
983,William,Smith,W,48,27/09/1975
984,Mia,Davis,M,66,27/09/1957
985,Alice,Clark,A,32,27/09/1991
986,William,Gonzalez,W,51,27/09/1972
987,Olivia,Johnson,O,73,27/09/1950
988,Ethan,Jackson,E,83,27/09/1940
989,James,Taylor,J,86,27/09/1937
990,Benjamin,Clark,B,92,27/09/1931
991,Benjamin,Taylor,B,96,27/09/1927
992,Isabella,Williams,I,72,27/09/1951
993,Olivia,Clark,O,42,27/09/1981
994,Alice,Wilson,A,86,27/09/1937
995,Amelia,Miller,A,67,27/09/1956
996,Ava,Garcia,A,66,27/09/1957
997,John,Williams,J,69,27/09/1954
998,Isabella,Rodriguez,I,55,27/09/1968
999,James,Miller,J,42,27/09/1981
1000,Henry,Smith,H,53,27/09/1970
